Nome,Nome_Consistente
Aliaksei,True
Patrick,True
Artemio,True
Busra,True
Busra,True
Liam,True
Ismail,True
Martin,True
Luis,False
Luis,False
Habib,True
Alireza,True
Tom,True
Dayté Dayana,False
Léopold,True
Magdalena,True
Yanis,True
Micha,False
Ludovic,True
Ludovic,True
Ludovic,True
Julien Laval,False
Marc,True
Richard,True
Richard,True
Joaquin,True
Joaquin,True
Agne,True
Agne,True
Laura,True
Lluis,False
Christian,True
Christian,True
Christian,True
Andre,True
Helmut,True
Helmut,True
Matthew,True
Jenny,True
Tony,True
Andreas,True
Andreas,True
Raphael,True
Raphael,True
Tal,True
Tal,True
Tal,True
Santa,False
Santa,False
Conor,True
Andreas,True
Abraao,False
Pedro Miguel Marques,False
David,True
David,True
David,True
David,True
David,True
David,True
David,True
Fabian,True
Fabian,True
Michael,True
Yan,True
Micha,False
Manuel,True
Anthony,True
Jens,True
Guillaume,True
Maroine,True
Larissa,True
Larissa,True
Herold,True
Aymeric,True
Nathalie,True
Marcello,True
Pierre,True
Pablo,True
Pablo,True
Pablo,True
Pablo,True
Pablo,True
Matthias,True
Matthias,True
Pedro,True
Bjoern,True
Bjoern,True
Craig,True
Craig,True
Sofiane,True
Mark,True
Mark,True
Pur,True
Romain,True
Romain,True
Romain,True
Lluís,True
Michael,True
Katarzyna,True
Hector,True
Hector,True
Katarzyna,True
David,True
David,True
David,True
David,True
Steffen,True
Steffen,True
Santi,True
Elodie,True
Elodie,True
Caroline,True
Quentin,True
Chris,True
Rafa,False
Dirk,True
Dirk,True
Stefan,True
Stefan,True
Nigel,True
Heiko,True
Dr Ralf,False
Robert,True
Robert,True
Robert,True
Till,True
Carlos,True
Carlos,True
Till,True
Inge,True
Chris,True
Niels,True
Tino,True
Tobias,True
Tim,True
Tim,True
Micha,False
Micha,False
Nuria,True
Sevil,True
Sevil,True
Sevil,True
Sevil,True
Sevil,True
Samuel,True
Marcel,True
Francisco E,False
Antoine,True
Oumaima,False
Pablo,True
Arturo,True
Guille,True
Steffen,True
Ramy,True
Tiger,True
Tiger,True
Manel,True
Manel,True
Manel,True
Pawe,False
Joana,True
Thomas,True
Gianvito,True
Thomas,True
Thomas,True
Paul,True
Paul,True
Paul,True
Ben,True
Thomas,True
Thomas,True
Pierre-François,True
Pierre-François,True
Andreas,True
Michael,True
Michael,True
Maxime,True
Marco,True
Zane,True
Malika,True
Nuala,True
Bartosz,True
Julien,True
Cristina Paola,False
Aurore,True
Henna,True
Gordon,True
Pawel,True
Fabian,True
Stephan,True
Danny,True
Danny,True
Leah,True
Oliver,True
Osman,True
Osman,True
Piotr,True
Piotr,True
Christian,True
Christian,True
Ameera,True
Ameera,True
Lesley,True
Hansjörg,True
Leonas,True
Leonas,True
Holger,True
Marc,True
Marc,True
Hannu,True
Hannu,True
Hannu,True
Tobias,True
Tobias,True
Tobias,True
Julieta,True
Roland,True
Roland,True
Christian,True
Joaquin,True
Joaquin,True
Jerzy,True
Jerzy,True
Jacob,True
James,True
Punthipa,True
Punthipa,True
Kristjan,True
Filip,True
Florian,True
Thibault,True
Thibault,True
Thibault,True
Florian,True
Florian,True
Florian,True
Florian,True
Florian,True
Uwe,True
Chris,True
Murat,True
Murat,True
Marc,True
Santhiya,True
Cindy,True
Gail,True
Gail,True
Ulrich,True
Catherina,True
Caner,True
Joe-Judith,True
Adnan,True
Nadine,True
Alain,True
Clifford,True
Marzena,True
Nethaji Babu,False
Zakaria,True
Eike,True
Sarah,True
Brandon,True
Johannes,True
Kylie,True
Benjamin,True
Raad,True
Peter,True
Aigulya,True
Ewelina,True
Ulrike,True
Oscar,True
Kevin,True
Alix,True
Marco,True
Florian,True
Arvydas,True
Paul,True
Iman,True
Amine,True
Christian,True
Andreas,True
Paula,True
Ahmed,True
Sebastien,True
Laurie,True
Becky,True
Anneka,True
Lars,True
Jais,True
Lalit,True
Ashish,True
Sovan,True
Deepika,True
Ca Shital,False
Laurent,True
Robert,True
Lars,True
Lars,True
Alicja,True
Hisham,True
Jorge,True
Kamil,True
Joerg,True
Mark,True
Sarah,True
Fabricio,True
Sonya,True
Sonya,True
Andreas,True
Eva,True
Gergely,True
Stefan,True
Evgenii,True
Swathi,True
Lelong,True
Valeriia,True
Niels,True
Jason,True
James,True
Jérémy,True
Mateusz,True
Alex,True
Maxime,True
Christopher,True
Marc-Patrice,True
Pedram,True
Ines,True
Nokwazi,False
Denise,True
Evgeniy,True
Melissa,True
Sébastien,True
Asena,True
Ana,True
Brian,True
Brian,True
Mathilde,True
Mathilde,True
Vincent,True
Vincent,True
Hani,True
Kayleigh,True
Alicja,True
Alicja,True
Alicja,True
Guido,True
Ole,True
Stefan,True
Konrad J,False
Sebastian,True
Lola,True
Natasha,True
Rudolf,True
Rudolf,True
Rudolf,True
Rudolf,True
Hassan,True
Michael,True
Marc,True
Dr Michael,False
Jacek,True
Jacek,True
Ilya,True
Ilya,True
Peter,True
Daniel,True
Daniel,True
Markus,True
Hossam,True
Sang Hee,False
Alberto,True
Erik,True
Rui,True
Jan,True
Eamon,True
Gintautas,True
Gintautas,True
Sharon,True
Ganesh,True
Paulo,True
Marcel,True
Marcel,True
Luís,True
Camelia,True
Camelia,True
Carole,True
Wasan,True
Veerle,True
Nicola,True
Perri,True
Maryann,True
Paulina,True
Cyrielle,True
Randhir,True
Johannes,True
Christian,True
Donald,True
Jana,True
Christopher,True
Frederic,True
Klaudia,True
June,True
Linda,True
Thomas,True
Thomas,True
Thomas,True
Gangolf,True
Gangolf,True
Gangolf,True
Jason,True
Malcolm,True
Ingabire,True
Fadwa,True
Romain,True
Dayana,True
Michenaud,True
Chris,True
Doina,True
Gaël,True
Felix,True
Petra,True
Petra,True
Annette,True
Tomi,True
Maxime,True
Raheel,True
Michelle,True
Dominik,True
Shaymus,True
Johannes,True
Vikash,True
Pete,True
Katy,True
Hermann,True
Georg,True
Salah Eddine,False
Wajih,True
Wajih,True
Abdellahi,True
Mohamed,True
Charles,True
Laurent,True
Lynda,True
Lynda,True
Julien,True
Angelo,True
André,True
Maryam,False
Marco,True
Dr Roland,False
Tamara,True
Andre,True
Daniel,True
Ulrich,True
Ulrich,True
Ricardo,True
Till,True
David,True
Katja,True
Evgeny,True
Ingrid,True
Patricia Katherine,False
Theresa,True
Clemens,True
Rob,True
Grzegorz,True
Dominique,False
Alexander,True
Michael St,False
Arlette,True
Norbert,True
Kuok Wai,False
Jignesh,True
Antonio,True
Pablo,True
Yazid,False
Nadya,True
Zohar,False
Arthur,True
Alexander,True
Olga,True
Suresh,True
Frederik,True
Thomas,True
Xor,True
Karinna,True
Kevin,True
Matthias,True
Alicia,True
Andreea,True
David,True
David,True
Graeme,True
Eldrin,True
Fabian,True
Ralf,True
Serhii,True
Serhii,True
Serhii,True
James,True
Aleksandr,True
Oliver,True
Marco,True
Zakir,True
Sarah,True
Marcus,True
Michaela,True
Thomas,True
Eduardo,True
Stephane,True
Elodie,True
David,True
Stéphane,True
Stefan,True
Thomas,True
Tom,True
Dan,True
Muhammad Rashid Iqbal,False
José,True
Lionel,True
Laurent,True
Rashi,True
Andrew,True
,False
Robert,True
Manisha,True
Michael,True
Stephan,True
Sarah,True
Sarah,True
Herve,True
Tanneguy,True
Piotr,True
Sarah,True
Afif,True
Tino,True
Paul,True
Mateusz,True
Emre,False
Jon Ander,False
Andreas,True
Andreas,True
Matthieu,True
Mohamed,True
Thomas,True
Nadia,True
Paul,True
Louis-Xavier,True
Dr Edvinas,False
Rui,True
Thorsten,True
Yann,True
Christian,True
Christian,True
Jan,True
Chris,True
Florian,True
Waldemar,True
Noureddine,True
Eduard,True
Christian,True
Matthias,True
Hicham,True
Nicolas,True
Sankara,True
Jose Ignacio,False
Manuel,True
Justin,True
Teresa,True
Dharmendra,True
Christian,True
Matthias,True
Víctor,True
Ana,True
Thomas,True
Antonio,True
Paulo,True
Paulo,True
Naama,True
David,True
Joanna,True
Jennifer,True
Rawaa,True
Daiana,True
Daiana,True
Marianna,True
Soukaina,True
Thierry,True
Santiago,True
Juergen,True
Bella,True
Susely,True
Milena,True
Lisa,True
Jernej,True
Mohammad Alakram,False
Marta,True
Marta,True
Harshdeep,True
Damien,True
Milos,True
Benen,True
Natalie,True
Anna,True
Alexandra,True
Andrea,True
Hans,True
Haris,True
Jean,True
Dee,True
Aubin,True
Josselin,True
Laurent,True
Jérôme,True
Ralf,True
Darryn,True
Darryn,True
Nathanaël,True
Lourdes,True
Jennifer,True
Pierre,True
Chao,True
Chao,True
Chao,True
Pauline,True
Liva,False
Andre,False
Antonio José,False
Alvaro,True
Ivette,True
Iulia,True
Oliver,True
Ana,True
Inga,True
Inga,True
Elias,True
Morgan,True
Stephan,True
Stephan,True
Eduard,True
Stephan,True
Mike,True
Tom,True
Kamila,True
Nemanja,True
Jan,True
Michael,True
Angelo,True
Zorica,True
Jakub,True
Jakub,True
Vincent,True
Vincent,True
Taj-Eddine,False
Florian,True
Dorothee,False
Selma,True
François,True
Magorzata,False
Marcin,True
Peter,True
Marc,True
Marc,True
Philipp,True
Philipp,True
Helge,True
Helge,True
Sascha,True
Sascha,True
Gilles,True
Carsten,True
Carsten,True
Evi,True
Kevin,True
Sven,True
Mario,True
Kirsty,True
Egle,True
Alexandre,True
Kher Ying,False
Susannah,True
Esther,True
Nirbhay,True
Nirbhay,True
Pierrick,True
Pierrick,True
Sabrina,True
Jordi,True
Tilo,True
Marvin,True
Karen,True
Karen,True
Heiko,True
Mirko,True
Marius,True
Anne,True
Patrick,True
Patrick,True
Christophe,True
Christophe,True
Andrea,True
Andrea,True
Sebastian,True
Sebastian,True
Frank,True
Darren,True
Adunis,True
Adunis,True
Adunis,True
Adunis,True
Herbert,True
Miguel Ángel,False
Jacqueline,True
Jacqueline,True
Roddy Keonny,False
Roddy Keonny,False
Christian,True
Adewoye Shakir,False
Stephen,True
Stephen,True
John,True
Hannah,True
Roman,True
Roman,True
Dirk,True
Parag,True
Mariya,True
Shane,True
Frédéric,True
Kamil,True
Marko,True
Arthur,True
José,True
Miguel Angel,False
Nils,True
Daniele,True
Sascha,True
Peter,True
Sebastian,True
Foucault,True
Thomas,True
Daniel,True
Sergio,True
Marco,True
Thomas,True
Martin,True
Naomi,True
Felix,True
Ákos,True
Bernhard,True
Bernhard,True
Bernhard,True
Miguel,True
Maxim,True
Javier,True
Alexander,True
Clemens,True
Jerémy,True
Salvatore,True
Franck,True
Saq,True
Andreas,True
Allen,True
Ryan,True
Johansy,True
Amine,True
Thomas,True
Alina,True
Vitor,True
Alesha Mahesh,False
Alireza,True
Sean,True
Marcel,True
Marcel,True
James,True
Jesús,True
Kris,True
Dominique,True
Fabrice,True
Maxime,True
Fatine,True
Burkhard,True
Marius,True
Montazar,True
Georg,True
Frank,True
Matthias,True
Sophia,True
Konstantinos,True
Louis,False
Louis,False
Ala,True
John,True
Simon,True
Frank,True
Arkadiusz,True
Michael,True
Frank,True
René,True
Ben,True
Mike,True
Rafa,False
Guillaume,True
Guillaume,True
Marko,True
Dale,True
Dale,True
Ruben,True
John,True
Paul,False
Neil,True
Dominik,True
Elena,True
Richard,True
Michael,True
Mark,True
Mark,True
Mark,True
Pedro Paulo,False
Aleksandra,True
Aleksandra,True
Aleksandra,True
Roman,True
Roman,True
Roman,True
Jonny,True
Andre,False
Hector,True
Juan,True
Thomas,True
James,True
Daniel,True
Carlos,True
Christian,True
Vasco,True
Johan,True
Marcin,True
Phillip,True
Lukasz,True
Jesús,True
Aiko,True
Fabian,True
Constantin,True
Adam,False
Julián Santiago,False
Marc,True
Florian,True
Florian,True
Dominic,True
François,True
François,True
Michael,True
Björn,True
Quentin,True
Rolf,True
Stefan,True
Karsten,True
Matthias,True
Wolfgang,True
Leon,True
Leon,True
Dominik,True
Jan,True
Tomasz,True
Deepal,True
Deepal,True
Richard,True
Martyna,True
Sharon,True
Martin,True
Dierk,True
Niclas,True
Robert,True
Cecile,True
Dr Antanas,False
Dr Antanas,False
Benjamin,True
Nilton,False
Samuel,True
Ashish,True
Aimar,True
Henrik,True
Christophe,True
Gangadhara,True
George,True
David,True
Anton,True
Ilya,True
Dominik,True
Marcin,True
Marcin,True
Marcin,True
Rakeeb,True
Steffen,True
Thomas,True
Jacques,True
Jacques,True
Dirk,True
Rui,True
Ricardo,True
Francisco,True
Francisco,True
Francisco,True
Jon,True
Ricardo,True
Nuno,True
Madalena,True
Madalena,True
Glenn,True
Mariano,True
Bernardo,True
Eric,True
Catarina,True
Mariana,True
Amanda,True
Diogo,True
Francisco,True
Frederico,True
Hugo,True
Pedro,True
Pedro,True
Pedro,True
Pedro,True
Natallia,True
Ricardo,True
Ricardo,True
Luis Andre,False
Carlos,True
David,True
Andrés,True
Carlos,True
Paul,True
Jordi,True
Adrian,True
Adrian,True
Sergio,True
Jaume,True
Natanael,False
Natanael,False
Natanael,False
Manuel,True
Kike,True
Aleksi,True
Kirti,True
Antonio,True
Javier,True
Ivan,True
Julian,True
Lucía,True
Patricia,True
Riku,True
Marisa,True
Marcos,True
Marina,True
Vanessa,True
Claudia,False
Leo,True
Marcin,True
Alicia,True
José M,False
David,True
David,True
Israel,True
Daniel,True
María,True
Stefano,True
Nicolas,True
Nicolas,True
Andres,True
Roberto,True
Rodrigo,True
Carla,True
Sandro,True
Arturo,True
Jose Luis,False
Mauricio,True
Fermin,True
Alexis,True
Alexis,True
Juan,True
Juan,True
Evelyn,True
Evelyn,True
Borja,True
David,True
Alberto,True
Joan,True
Rita,True
Alan,True
Ricardo,True
Ricardo,True
Miguel,True
Raul,True
Raul,True
Rodolfo,True
Rodolfo,True
Dora,True
Mário,True
Marco,True
André,True
Leo,True
Pedro,True
Andriy,True
Edgar,True
Sandu,True
Leonardo,False
Isabel,True
Enrique,True
Carlos,True
Cláudia,True
João,True
Pedro,True
Luis,True
Daniel,True
Rui,True
Rui,True
Joaquim,True
Antonio,False
Artur,True
Diogo,True
Nuno,True
Nuno,True
Guilherme,True
André,True
António,True
Renato,True
Miguel,True
Fernando,True
